名称,模式,TAG,获取方式,效果,版本,星级
失金爪锚（破解版）,千面英雄,宇宙碎片 /  奇物获取 /  祝福获取,周期演算,进入区域时，获得50宇宙碎片，如果此时宇宙碎片小于750，获得1个随机1-2星奇物；如果宇宙碎片小于1500，获得1个随机祝福,3.6,2星
相对成功处方,千面英雄,无,周期演算,混沌药箱出现的概率大幅提高。进入区域时，若持有至少5个「绝对失败处方」，则将所有「绝对失败处方」丢弃，并获得1个3星奇物，500宇宙碎片以及3个3星祝福,3.5,2星
和平箱（破解版）,千面英雄,祝福获取,周期演算,展开1个方程后，获得2个随机祝福,3.5,2星
血锦之纪徽章（典藏版）,千面英雄,无,周期演算,进入【事件】区域后，出现3个事件,3.4,2星
神之足迹,千面英雄,造成伤害,无,同一「毁灭」「智识」命途角色连续施放技能时，造成的普攻/战技/终结技伤害提高80%，最多叠加3层，持续至任意其他目标施放技能后,3.3,加权奇物
星星的回忆,千面英雄,无,无,队伍中能量上限最高的我方「风」属性角色施放终结技后，有150%的基础概率使敌方全体陷入【呼唤】状态，持续2回合。当敌方目标处于【呼唤】状态时，也会被视为陷入了风化状态，每回合开始时受到等同于该角色200%攻击力的风属性持续伤害。本次终结技每消耗40点能量，该伤害的伤害倍率额外提高60%,3.3,加权奇物
简易判决,千面英雄,造成伤害,无,"进入战斗时，如果队伍中同时存在「巡猎」和「虚无」命途角色，「巡猎」/「虚无」命途角色施放攻击后，使随机1名攻击目标陷入【真实】/【虚伪】，持续3回合。当「巡猎」/「虚无」命途角色攻击带有【虚伪】/【真实】的目标后，消除目标身上的【虚伪】/【真实】，并额外造成2,000%悬浮框基础伤害敌方目标等级、阈值协议越高，造成的基础伤害越高。的量子属性伤害",3.3,加权奇物
自娱自乐,千面英雄,造成伤害,无,"「物理」属性角色成为我方技能的施放目标时，获得1层【醉意】，最多叠加3层；发动悬浮框反击当目标受到攻击后自动触发的效果，对攻击者施放1次额外的攻击。
反击也属于追加攻击。时，使该次反击当目标受到攻击后自动触发的效果，对攻击者施放1次额外的攻击。
反击也属于追加攻击。造成的伤害提高250%，并消耗1层【醉意】",3.3,加权奇物
智多笔,千面英雄,造成伤害,无,「量子」属性角色施放战技后，令随机「风」属性角色获得1层【罚抄】，每层使其造成的终结技伤害提高15%，最多叠加10层。「风」属性角色施放终结技后，令随机「量子」属性角色获得2层【笔记】，最多叠加5层。持有【笔记】的角色造成的战技伤害提高50%；施放战技后，消耗1层【笔记】并恢复1个战技点,3.3,加权奇物
寻爱金镖,千面英雄,造成伤害,无,进入战斗时，如果队伍中仅有「冰」或「雷」属性角色，我方目标发动的普攻与战技攻击无视弱点属性额外削减10点韧性值，且击破弱点时可同时触发冰和雷属性的击破效果；我方目标攻击处于冻结状态下的敌方目标后，使其当前承受的触电状态立即产生相当于原伤害500%的伤害,3.3,加权奇物
机运窗,千面英雄,暴击伤害 /  奇物获取,无,进入【事件】【奖励】【遭遇】区域时，获得1个奇物，并失去1个奇物。该奇物每生效1次，我方全体造成的暴击伤害提高8%,3.3,3星
赐福残晶•纷争,千面英雄,造成伤害,无,当前拥有的祝福和方程每有1个星级，我方目标对精英敌人造成的伤害提高2.5%,3.3,2星
赐福残晶•天空,千面英雄,造成伤害,无,当前拥有的祝福和方程每有1个星级，我方目标生命值变化后的下一次攻击造成的伤害提高2.5%,3.3,2星
赐福残晶•死亡,千面英雄,造成伤害,无,当前拥有的祝福和方程每有1个星级，敌方受到的持续伤害提高1.5%,3.3,2星
赐福残晶•诡计,千面英雄,造成伤害,无,当前拥有的祝福和方程每有1个星级，我方目标造成的追加攻击和附加伤害提高2.5%,3.3,2星
赐福残晶•理性,千面英雄,造成伤害,无,当前拥有的祝福和方程每有1个星级，我方目标造成的终结技伤害提高2.5%,3.3,2星
赐福残晶•岁月,千面英雄,造成伤害,无,当前拥有的祝福和方程每有1个星级，我方目标造成的伤害提高1.5%，忆灵额外提高1.0%,3.3,2星
赐福残晶•门径,千面英雄,造成伤害,无,当前拥有的祝福和方程每有1个星级，敌方受到的击破伤害提高1.5%,3.3,2星
赐福残晶•浪漫,千面英雄,造成伤害,无,当前拥有的祝福和方程每有1个星级，我方目标造成的普攻和战技伤害提高2.5%,3.3,2星
许愿托盘,千面英雄,方程获取 /  祝福获取 /  可损毁,特定事件,"将愿望放置于托盘，当你完成旅行，赐福自会到来效果进入7个区域后,该奇物损毁。损毁时，若拥有的宇宙碎片数量大于等于1,500，则获得1个3星方程和3个方程所需的祝福进入7个区域后,该奇物损毁。损毁时，若至少展开2个3星方程，则获得1个3星方程和3个方程所需的祝福进入7个区域后,该奇物损毁。损毁时，若至少拥有2个3星奇物，则获得1个3星方程和3个方程所需的祝福",3.3,2星
好运饼干,千面英雄,宇宙碎片,无,【商店】区域的出现概率提高。在单个【商店】区域累计花费800宇宙碎片购买商品后，立即返还400宇宙碎片，每个【商店】区域最多生效1次,3.3,2星
失金爪锚,千面英雄,宇宙碎片 /  可损毁,无,立即获得500宇宙碎片。5个区域后，该奇物损毁。进入区域时，若拥有的宇宙碎片数量小于500，则失去5个随机祝福，然后该奇物损毁,3.3,2星
钢筋铁骨按摩器,千面英雄,无,无,将所有【战斗】区域中的内容替换为【遭遇】区域，且进入【战斗】或【遭遇】区域时有30%的概率获得一个「绝对失败处方」,3.3,2星
门的彼岸,千面英雄,无,无,大幅提高在【事件】区域出现2个事件的概率，但【奖励】区域只会出现1个奖励事件,3.3,2星
无爱之尘,千面英雄,获得方程,无,进入区域时，若拥有的奇物数量大于等于4，则立即失去该奇物与其他3个随机奇物，并获得1个1-3星方程,3.3,1星
烈阳之舞,千面英雄,宇宙碎片,无,奇物损毁时，获得30宇宙碎片,3.3,1星
龙骨盾,千面英雄,无,无,【战斗】区域出现次元扑满的概率提高，【遭遇】区域出现的概率大幅降低,3.3,1星
无奖竞答,千面英雄,无,无,你可以与【商店】区域的黑塔进行战斗。胜利后随机获得3个奇物商店中的商品，然后失去该奇物，且奇物商店从当前【商店】区域消失,3.3,1星
飞向高天Ⅰ型,千面英雄,无,特定事件,战斗开始时，编队中的第二位角色陷入眩晕状态，该效果无法被解除，持续2回合,3.3,负面奇物
飞向高天Ⅱ型,千面英雄,无,特定事件,战斗开始时，编队中的第三位角色陷入眩晕状态，该效果无法被解除，持续2回合,3.3,负面奇物
飞向高天Ⅲ型,千面英雄,无,特定事件,战斗开始时，编队中的第四位角色陷入眩晕状态，该效果无法被解除，持续2回合,3.3,负面奇物
驭兽缰盘,千面英雄,无,特定事件,进入区域后，可选择前往的下一个区域数量减少1个，最少不小于1个。效果触发3次后该奇物损毁,3.3,负面奇物
强者竞技,千面英雄,无,无,进入战斗后，行动序列上出现【球】，【球】回合开始时爆炸并对我方全体造成当前生命值95%的伤害，同时对敌方全体造成等同于当前生命值30%的伤害。【球】拥有基础速度70，爆炸后消失,3.3,负面奇物
片刻安谧,千面英雄,无,无,获得该奇物时，立即获得5个随机1星方程。获得该奇物或2-3星方程时，将所有2-3星方程替换为随机1星方程。每有1个已激活的1星方程，我方全体造成的伤害提高25%，激活4个或以上1星方程时，伤害加成提高到35%,3.1,3星
狂欢之尾,千面英雄,无,无,所有奇物获得时触发的效果会额外触发1次，每个区域最多触发3次,3.1,3星
不眠鸱鸮,千面英雄,无,无,白昼时，我方全体回复量与获得的护盾量提高20%，受到的伤害降低12%，且攻击敌方目标时有25%的概率选择错误的目标,3.1,2星
垂语果实,千面英雄,无,无,立即获得1个随机祝福。失去此奇物后会再次获得它，并使奖励的祝福数量提高1个，最多提高至4个,3.1,2星
机运长袍,千面英雄,无,无,进入【事件】区域时，失去150宇宙碎片并将事件替换为奖励，宇宙碎片不足时该奇物损毁,3.1,2星
沉吟圆盘,千面英雄,宇宙碎片 /  速度 /  能量恢复 /  祝福获取 /  可损毁,特定事件,当你追逐到属于自己的那只蝴蝶，歌声也会因你而改变效果进入【事件】区域时，固定出现2个微妙的事件。生效后该奇物损毁进入【战斗】区域时，将敌人替换为普通精英，生效后该奇物损毁。奇物损毁时获得2个祝福进入【遭遇】区域时，我方全体损失20%当前生命值，生效后该奇物损毁。奇物损毁时获得2个1-2星奇物进入【财富】区域时，将宝箱替换为诅咒宝箱，生效后该奇物损毁。奇物损毁时获得2个随机1星方程,3.1,2星
法度刻印,千面英雄,无,无,夜晚时，我方目标速度提高25%，暴击伤害提高50%，且行动序列变为不可见状态,3.1,2星
深度睡眠,千面英雄,无,无,出现【冒险】区域的概率提升。进入【冒险】区域时获得50宇宙碎片，完成区域时的奖励档位提升1档,3.1,2星
真实机兵,千面英雄,无,无,失去奇物时，获得75宇宙碎片,3.1,2星
神启石镜,千面英雄,无,特定事件,当你做出选择，雅努斯的指引，将为你照亮前行的方向效果进入【战斗】或【事件】区域时，有50%概率获得1个随机奇物，可能包含负面奇物进入【战斗】或【事件】区域时，有30%概率获得1个随机奇物进入【战斗】或【事件】区域时，有50%概率获得1个随机祝福进入【战斗】或【事件】区域时，有30%概率获得1个方程所需的祝福进入【遭遇】或【奖励】区域时，有50%概率获得1个随机奇物，可能包含负面奇物进入【遭遇】或【奖励】区域时，有30%概率获得1个随机奇物进入【遭遇】或【奖励】区域时，有50%概率获得1个随机祝福进入【遭遇】或【奖励】区域时，有30%概率获得1个方程所需的祝福,3.1,2星
绑架机器人,千面英雄,可损毁,无,出现【遭遇】区域的概率提高。累计进入1/3/5次【遭遇】区域时，获得1个随机1/2/3星方程，触发所有效果后该奇物损毁,3.1,2星
同谐火漆,千面英雄,无,无,获得该奇物时，随机获得1个「同谐」的祝福。并在战斗胜利后选择祝福时，提高「同谐」的祝福出现的概率,3.1,1星
丰裕滚石,千面英雄,无,无,进入第三位面，及第三位面获得该奇物时，获得1个金血祝颂,3.1,1星
昨天的重量,千面英雄,无,无,进入区域时，获得35宇宙碎片，当宇宙碎片减少次数累计达到3次时，该奇物损毁,3.1,1星
祭献投枪,千面英雄,无,无,进入【战斗】【转化】【遭遇】【首领】区域时，获得35宇宙碎片，连续进入时额外获得35宇宙碎片。进入【事件】【奖励】【冒险】【财富】区域时失去35宇宙碎片,3.1,1星
绝对自灭药膏,千面英雄,微妙的奇物,无,立即获得2个方程所需的祝福，失去2个方程不需要的祝福,3.1,1星
知识注射枪,千面英雄,微妙的奇物,无,祝福和奇物商店中出现2个免费商品，其他商品的售价提高100%,3.1,1星
自适应礼品盒,千面英雄,微妙的奇物,无,获得该奇物时，失去所有宇宙碎片，然后随机获得失去值10%-200%的宇宙碎片,3.1,1星
快乐电视机,千面英雄,无,无,连续进入相同区域时，失去25宇宙碎片和1个随机1-3星奇物,3.1,负面奇物
虫群录像带,千面英雄,无,无,祝福排排乐和奇物大转盘消耗的宇宙碎片数量提高25%,3.1,负面奇物
天使型谢债发行机（原型机）,人间喜剧,宇宙碎片 /  可损毁,周期演算,战斗胜利后，无法获得宇宙碎片。累计进入8个区域后，该奇物损毁，并使当前拥有的宇宙碎片数量翻倍,3.0,3星
天使型谢债发行机（量产机）,人间喜剧,宇宙碎片 /  可损毁,周期演算,战斗胜利后，无法获得宇宙碎片。累计进入11个区域后，该奇物损毁，并使当前拥有的宇宙碎片数量翻倍,3.0,3星
许愿星（破解版）,人间喜剧,无,周期演算,【冒险】区域的出现概率大幅提高。携带该奇物进入【冒险】区域后，使得该区域的限制时间提高50%，并在进入区域时额外获得一个宝箱,3.0,3星
记忆轮（破解版）,人间喜剧,无,周期演算,进入战斗时，获得所有未展开方程的效果,3.0,3星
故事的现在时,"人间喜剧, 千面英雄",暴击率 /  暴击伤害 /  造成伤害,无,队伍中每有1名「同谐」「丰饶」「存护」「记忆」命途的角色，上述命途角色暴击率提高15%，暴击伤害提高25%，施放攻击后，对攻击目标造成等同于生命上限、防御力与攻击力之和75%的附加伤害。,2.7,加权奇物
自动化体验,"人间喜剧, 千面英雄",伤害减免,无,「毁灭」「虚无」命途角色施放攻击后，使受到攻击的敌方目标行动提前20%，并使其造成的伤害降低30%，持续1回合,2.7,加权奇物
祈祷之路,"人间喜剧, 千面英雄",生命值 /  提供护盾,无,「巡猎」「智识」命途角色生命上限提高60%，回合开始时，消耗15%当前生命值，并获得等同于生命上限25%的护盾。,2.7,加权奇物
英雄凯旋,"人间喜剧, 千面英雄",宇宙碎片 /  直接伤害,无,进入战斗时，对生命值最高的敌方目标造成等同于其生命上限100%的伤害，并获得88宇宙碎片，在首领区域造成的伤害减半,2.7,3星
无人通讯（破解版）,人间喜剧,可损毁,周期演算,奇物损毁时，使其恢复如新。效果触发6次后，该奇物损毁,2.7,3星
高热饮食（破解版）,人间喜剧,方程获取,周期演算,进入战斗时，获得随机临界方程效果，不会覆盖已激活临界方程效果,2.7,3星
高热饮食,"人间喜剧, 千面英雄",方程获取 /  可损毁,无,进入战斗时，获得随机临界方程效果，战斗胜利1次后，该奇物损毁。不会覆盖已激活临界方程效果,2.7,2星
无人通讯,"人间喜剧, 千面英雄",可损毁,无,奇物损毁时，使其恢复如新。效果触发2次后，该奇物损毁,2.7,2星
末日复眼•先行版,"人间喜剧, 千面英雄",祝福获取 /  微妙的奇物,无,"获得该奇物时，立即获得4个拥有祝福数量最多的命途的祝福。覆写祝福、覆写方程所需的宇宙碎片提高1,000%",2.7,2星
奥塔牌,"人间喜剧, 千面英雄",无,特定事件,在奥塔牌的谕示下，在你的前方，将是已被认知「确定」的命运效果第三位面首领将为【蛮神，疯王，纷争的化身（完整）】，在第三位面【首领】区域进入战斗时，我方全体造成的伤害提高50%第三位面首领将为【浮烟（完整）】，在第三位面【首领】区域进入战斗时，我方全体造成的伤害提高50%第三位面首领将为【奇想林中的蕉研组（完整）】，在第三位面【首领】区域进入战斗时，我方全体造成的伤害提高50%第三位面首领将为【步离战首•呼雷（完整）】，在第三位面【首领】区域进入战斗时，我方全体造成的伤害提高50%,2.7,2星
和平箱,"人间喜剧, 千面英雄",祝福获取,无,展开1个2星及以上方程后，获得1个随机祝福，效果最多触发5次,2.7,2星
天才俱乐部危险八卦,"人间喜剧, 千面英雄",宇宙碎片 /  奇物获取,无,无法获得宇宙碎片，每因为该奇物的效果损失100宇宙碎片，获得1个随机1-3星奇物，累计获得5个奇物后损毁,2.7,1星
杀死那只蝴蝶,千面英雄,组件获取 /  可损毁,无,累计开启6个宝箱后，出现【奇遇-宝箱】区域的概率大幅提升。进入【奇遇】区域后，丢弃该奇物,2.6,2星
量子大乐透,千面英雄,组件获取 /  可损毁 /  可破坏物,无,击碎可破坏物后有小概率获得负面奇物，但也有小概率使该奇物损毁。奇物损毁时，获得400宇宙碎片,2.6,1星
铸铁的齿轮指环,千面英雄,权杖获取,无,获得宇宙碎片的数量提高30%，但商店中物品的售价和覆写祝福、方程消耗的宇宙碎片数量提高30%,2.6,1星
铸铁的机动指环,千面英雄,权杖获取 /  微妙的奇物,无,获得宇宙碎片的数量降低50%，覆写方程和祝福消耗的宇宙碎片数量降低100%，覆写祝福的次数上限降低为7,2.6,1星
十光年不晚,"人间喜剧, 千面英雄",造成伤害,无,「巡猎」命途角色发动攻击造成伤害时，对相邻目标额外造成等同于原伤害40%的伤害,2.5,加权奇物
偶有越狱,"人间喜剧, 千面英雄",造成伤害,无,「存护」命途角色与「记忆」命途忆灵，当前生命值等于生命上限时，受到攻击的概率大幅提高且受到的伤害降低30%；每回合首次受到攻击后，我方全体回复等同于各自生命上限20%的生命值，且造成的伤害提高50%，持续2回合。,2.5,加权奇物
熵的逆命题,"人间喜剧, 千面英雄",击破特攻,无,进入战斗时，「风」「雷」属性我方目标的击破特攻提高，提高至队伍中击破特攻最高的我方目标的120%,2.5,加权奇物
静谧的歌声,"人间喜剧, 千面英雄",提供护盾,无,「同谐」命途角色对我方目标施放普攻/战技/终结技时，为我方全体角色提供能够抵消等同于各自生命上限25%伤害的护盾，持续2回合,2.5,加权奇物
拟赤月,"人间喜剧, 千面英雄",无,无,「丰饶」命途角色攻击敌方目标时，有150%的基础概率使其陷入【坏死】状态：回合开始时，受到等同于角色攻击力600%的火属性持续伤害，持续3回合，并使当前承受的其他灼烧状态立刻产生相当于原伤害200%的伤害,2.5,加权奇物
利他者的末路,"人间喜剧, 千面英雄",攻击力 /  造成伤害,无,「虚数」属性我方目标累计生命降低值，在任意单位行动后，为随机「量子」属性我方目标恢复等同于该值50%的生命值，每回合的治疗量不超过治疗者生命上限的50%。「量子」属性我方目标累计生命降低值，在任意单位行动后，使随机「虚数」属性我方目标下次施放攻击后，对攻击目标造成等同于该值300%的量子属性附加伤害,2.5,加权奇物
入乡随俗,"人间喜剧, 千面英雄",无,无,【财富】区域会出现更多游乐装置。提高【战斗】【事件】【遭遇】【奖励】【商店】区域额外游乐装置出现的概率。将出现特殊的祝福排排乐和奇物大转盘，且使用次数增加。每游玩一次游乐装置，我方全体造成的伤害提高10%,2.5,3星
虚高一丈,"人间喜剧, 千面英雄",宇宙碎片 /  攻击力,无,获得1/2/3星奇物时，立即获得20/40/120宇宙碎片。每拥有1个1/2/3星奇物，进入战斗时，使我方目标攻击力提高3%/6%/20%,2.5,3星
化作尘泥,"人间喜剧, 千面英雄",热量,无,在造物调试台中，额外获得5点可使用热量,2.5,2星
无主失物,"人间喜剧, 千面英雄",可损毁,无,出现【奇遇】区域的概率提高，每次进入区域时，概率额外提高。进入【奇遇】区域后，丢弃该奇物,2.5,2星
古老通讯,"人间喜剧, 千面英雄",可损毁,无,出现次元扑满的概率大幅提高，进入存在次元扑满的区域后，该奇物损毁,2.5,2星
有形幸运,"人间喜剧, 千面英雄",宇宙碎片,无,进入区域时，如果宇宙碎片数量小于250，则将宇宙碎片补足为250,2.5,2星
水上书,"人间喜剧, 千面英雄",生命回复 /  能量回复 /  复活,无,进入区域时，我方全体回复全部生命值、能量值与秘技点，并重置所有陷入无法战斗状态的角色,2.5,2星
朋克洛德平衡,"人间喜剧, 千面英雄",直接伤害 /  可损毁,无,敌方目标进入战斗时，受到等同于各自生命上限99%的固定数值的伤害，【首领】和【转化】区域无效。获得2场战斗胜利后，该奇物损毁,2.5,1星
埋点土,"人间喜剧, 千面英雄",宇宙碎片 /  可损毁,无,获得3/6/9场战斗胜利后，获得50/150/250宇宙碎片。获得9场战斗胜利后，该奇物损毁,2.5,1星
超霸王陀螺,"人间喜剧, 千面英雄",击破特攻 /  弱点,无,我方目标击破特攻提高30%。敌方目标进入战斗时，被削减等同于韧性上限50%的韧性，该效果不会击破敌方目标弱点,2.5,1星
有梦-0110,"人间喜剧, 千面英雄",造成伤害 /  微妙的奇物,无,进入战斗时，我方全体造成的伤害提高50%，15回合后，受到的伤害提高10%,2.5,1星
菠萝,"人间喜剧, 千面英雄",生命值 /  可损毁,特定事件,累计进入3个区域后该奇物损毁，并使我方全体损失99%当前生命值,2.5,负面奇物
旧皮囊,"人间喜剧, 千面英雄",组件获取 /  热量,无,在造物调试台中，减少1点可使用热量,2.5,负面奇物
营养过剩,"人间喜剧, 千面英雄",提供护盾,无,我方目标受到来自「丰饶」命途角色的治疗后，获得等同于溢出治疗量100%的可叠加护盾，该护盾上限等同于我方目标生命上限的50%，回合结束时移除,2.3,加权奇物
尊严与热忱,"人间喜剧, 千面英雄",提供护盾,无,队伍中有「存护」命途角色时，我方目标获得特殊护盾，获得其他护盾时该护盾会增加获取护盾量100%的护盾量。超过生命上限30%的部分，会在回合开始时失去90%，并回复失去护盾量10%的生命值,2.3,加权奇物
云间肉排,"人间喜剧, 千面英雄",击破特攻,无,「毁灭」「虚无」命途角色击破特攻提高25%。攻击处于弱点击破状态的敌方目标后，以80%的比例触发火、风、雷、物理属性的击破效果，敌方目标每次被弱点击破后最多触发1次效果,2.3,加权奇物
石语者结片,"人间喜剧, 千面英雄",速度 /  效果减免 /  造成伤害,无,「雷」属性我方目标会抵抗所有使自身陷入控制类负面状态的效果，触发该效果时，行动提前50%。每受到1%行动提前效果，下回合造成的伤害提高1%，最多提高200%,2.3,加权奇物
醒觉-310,"人间喜剧, 千面英雄",无,无,"「虚数」「冰」属性我方目标施加的控制状态无视冻结/控制/禁锢抗性，解除时对敌方目标造成1,500%的悬浮框基础伤害敌方目标等级、阈值协议越高，造成的基础伤害越高。并使其造成的伤害降低5%，造成的伤害与施加的伤害降低可叠加，最多叠加4次",2.3,加权奇物
入梦罐,"人间喜剧, 千面英雄",无,无,非「同谐」命途我方目标施放攻击后，会为我方随机「同谐」命途角色提供1层【和弦】：最多叠加30层，施放普攻后，消耗【和弦】层数，每消耗1层，对攻击目标造成500%悬浮框基础伤害敌方目标等级、阈值协议越高，造成的基础伤害越高。的伤害,2.3,加权奇物
平行宇宙对讲机,"人间喜剧, 千面英雄",无,无,"「智识」角色攻击消灭敌方目标后，若伤害溢出，对攻击目标中当前生命值最高的目标造成1,000%悬浮框基础伤害敌方目标等级、阈值协议越高，造成的基础伤害越高。+100%溢出值的真实伤害",2.3,加权奇物
喧哗上等,"人间喜剧, 千面英雄",弱点,无,「火」属性角色数量为1/2/3/4时，造成的火属性持续伤害提高等同于攻击力的50%/100%/150%/300%，施放攻击后，使攻击目标当前承受的灼烧状态立即产生相当于原伤害30%的伤害,2.3,加权奇物
美味球藻糖,"人间喜剧, 千面英雄",速度 /  生命回复,无,「物理」「火」属性角色施放终结技后，会使我方全体回复等同于生命上限25%的生命值，并使自身速度提高20%，持续2回合，最多叠加2层,2.3,加权奇物
首次旅程,人间喜剧,弱点,无,「雷」「冰」属性角色弱点击破效率提高30%。施放攻击后，本次攻击每造成10点实际削韧值，角色行动提前1.5%,2.3,加权奇物
神圣容颜,"人间喜剧, 千面英雄",造成伤害,无,「物理」属性角色数量大于等于2时，这些角色击破特攻提高200%，攻击造成75%的无视弱点削韧，且击破敌方目标弱点时对敌方全体造成200%的物理属性击破伤害,2.3,加权奇物
天才的迷茫时间,"人间喜剧, 千面英雄",弱点,无,「量子」属性我方目标获得战技点后，使我方全体获得2层【激发】，我方目标施放普攻/战技发动攻击后，消耗全体1层【激发】对攻击目标造成等同于250%攻击力的量子属性附加伤害，并有50%基础概率使其陷入纠缠状态，持续1回合,2.3,加权奇物
风中花蕾,"人间喜剧, 千面英雄",伤害减免,无,「风」属性角色施放终结技发动攻击后，为随机不具有风属性弱点的攻击目标添加风属性弱点，并使其风属性抗性降低20%，持续3回合。风属性击破的风化状态变为不可驱散、持续时间无限、最多叠加10层,2.3,加权奇物
通向彗星之路,"人间喜剧, 千面英雄",无,无,「冰」属性我方目标造成伤害提高50%，速度提高10%，提供护盾量提高10%。战斗中同时有3名及以上「冰」属性角色或忆灵时，使效果数值提高原数值的200%，并对我方全体目标生效,2.3,加权奇物
鲁珀特帝国差分机,"人间喜剧, 千面英雄",暴击率 /  暴击伤害 /  祝福获取 /  奇物获取 /  宇宙碎片,无,获得该奇物以及每进入区域时，获得200宇宙碎片，2个随机祝福和2个随机奇物。进入战斗时，我方全体暴击率提高60%，暴击伤害提高16%,2.3,3星
记忆轮,"人间喜剧, 千面英雄",祝福强化 /  微妙的奇物,无,立即获得2个随机方程。每进入区域时，将所有方程置换为随机相同星级方程。进入战斗时，获得所有未展开方程的效果,2.3,3星
瘟疫巢都,"人间喜剧, 千面英雄",无,无,立即获得4个随机负面奇物，进入区域时随机失去最多1个负面奇物，并获得等量随机祝福。每通过这种方式失去1个负面奇物，进入战斗时我方全体造成的伤害提高10%,2.3,3星
与死重逢,"人间喜剧, 千面英雄",方程获取 /  造成伤害,无,立即获得1个当前无法展开的方程。每展开1个方程后，立即获得1个随机当前无法展开方程，最多通过该方式获得3个方程。每有1个展开的方程，使我方全体造成的伤害提高10%,2.3,3星
朋克洛德问候,"人间喜剧, 千面英雄",速度 /  微妙的奇物,无,进入战斗时，我方编队中的第一位角色速度提高40%，最后一位角色速度降低40%,2.3,2星
喜乐熏香,"人间喜剧, 千面英雄",方程获取 /  微妙的奇物,无,获得该奇物时，获得2个随机方程。在【首领】区域进入战斗时，每有1个未展开的方程，敌方全体生命上限提高40%，攻击力提高20%,2.3,2星
塔奥牌,"人间喜剧, 千面英雄",宇宙碎片 /  速度 /  能量恢复 /  祝福获取 /  可损毁,特定事件,依照你的选择，塔奥牌将为你揭示相异的命运选择预兆效果最近能发财吗？积极获取的宇宙碎片数量提高50%。累计进入4个区域后，该奇物损毁获取的宇宙碎片数量提高100%。累计进入3个区域后，该奇物损毁获取的宇宙碎片数量提高200%。累计进入2个区域后，该奇物损毁消极获取的宇宙碎片数量降低30%。累计进入3个区域后，该奇物损毁最近有危险吗？积极进入战斗时，敌方全体行动延后200%。累计进入3个区域后，该奇物损毁我方全体速度提高30%。累计进入3个区域后，该奇物损毁角色受到攻击后，回复等同于生命上限15%的生命值。累计进入3个区域后，该奇物损毁消极进入战斗时，角色受到攻击后，消耗10点能量，持续5回合。累计进入3个区域后，该奇物损毁旅程会顺利吗？积极战斗胜利后，获得1个随机祝福。效果触发2次后，该奇物损毁连续进入相同类型的区域后，获得1个随机祝福。效果触发3次后，该奇物损毁展开1个方程后，获得2个随机祝福。效果触发2次后，该奇物损毁消极累计进入3个区域后，该奇物损毁，并失去2个随机祝福,2.3,2星
鲁珀特帝国机械杠杆,"人间喜剧, 千面英雄",祝福获取 /  可损毁 /  微妙的奇物,无,每次进入区域时，获得1个方程所需的随机祝福，随机失去1个方程不需要的祝福，若没有祝福可以通过该方式失去，该奇物损毁。获得该奇物时，若同时携带全部鲁珀特帝国机械系列奇物，将引发反有机方程的局域共鸣,2.3,1星
鲁珀特帝国机械活塞,"人间喜剧, 千面英雄",奇物获取 /  微妙的奇物,无,每次进入区域时，获得2个随机奇物，有可能是负面奇物，并失去1个随机奇物。若通过该方式将自身丢弃，失去所有奇物。获得该奇物时，若同时携带全部鲁珀特帝国机械系列奇物，将引发反有机方程的局域共鸣,2.3,1星
自我意识的舒张压,"人间喜剧, 千面英雄",造成伤害 /  生命值 /  微妙的奇物,无,进入战斗时会进入自动战斗状态且无法解除。我方全体造成的伤害提高30%，生命上限提高30%,2.3,1星
断骨剑,"人间喜剧, 千面英雄",伤害减免 /  微妙的奇物,无,在第一、二位面中，我方全体受到的伤害提高20%，在第三位面中，我方全体受到的伤害降低12%,2.3,1星
临时赌资,"人间喜剧, 千面英雄",宇宙碎片 /  微妙的奇物,无,立即获得300宇宙碎片，累计进入4个区域后，该奇物损毁，并失去600宇宙碎片,2.3,1星
挣扎的色彩,"人间喜剧, 千面英雄",无,无,进入区域时，额外战利品的出现概率提高，且固定为混沌药箱,2.3,1星
天彗合金,"人间喜剧, 千面英雄",奇物获取,无,获得该奇物时，立即获得奇物【天彗合金Ⅰ型】、【天彗合金Ⅱ型】和【天彗合金Ⅲ型】,2.3,1星
破碎咕咕钟,"人间喜剧, 千面英雄",宇宙碎片,无,战斗胜利后获得的宇宙碎片降低25%，展开1个方程后奇物损毁,2.3,负面奇物
塔洛特玩偶,"人间喜剧, 千面英雄",无,无,进入战斗时，我方全体对敌方目标施放技能时有50%概率选择错误的目标，4次战斗后，该奇物损毁,2.3,负面奇物
绝对失败处方,"人间喜剧, 千面英雄",速度 /  生命值 /  能量恢复 /  战技点 /  弱点,无,为遏止战争的延续，根据患者的病因，处方将为他们带来不同程度的幻觉和干扰效果进入战斗时，敌方全体行动提前100%进入战斗时，我方全体有150%的基础概率陷入冻结状态，持续1回合进入战斗时，我方全体有150%的基础概率陷入裂伤状态，持续5回合，裂伤状态下，回合开始时受到等同于生命上限20%的物理属性持续伤害进入战斗时，我方全体第一次受到攻击后，额外消耗等同于角色当前生命值50%的生命值进入战斗时，我方全体消耗等同于当前生命值50%的生命值进入战斗时，我方全体造成的伤害降低99%，持续1回合进入战斗时，我方全体弱点击破效率降低100%，持续1回合进入战斗时，我方全体损失全部能量并消耗所有战技点,2.3,负面奇物
猜不透匣,"人间喜剧, 千面英雄",无,特定事件,战斗胜利后获得的祝福，至少有1个与方程所需的命途相同,1.6,2星
海绵王,"人间喜剧, 千面英雄",生命值 /  可损毁,特定事件,每进入一个区域，我方全体损失80%当前生命值，生命上限提高10%，效果触发4次后该奇物损毁，生命上限提高效果在奇物损毁后仍会生效,1.6,2星
腐化异木果实,"人间喜剧, 千面英雄",效果减免,特定事件,角色会抵抗所有使自身陷入控制类负面状态的效果。每次抵抗都会消耗等同于自身20%生命上限的生命值,1.6,2星
「楼梯上的水母」,"人间喜剧, 千面英雄",重投 /  可损毁 /  宇宙碎片,开局获取,失去所有祝福，并按照失去祝福的星级之和获得宇宙碎片，每有1个星级获得150宇宙碎片,1.6,2星
许愿星,"人间喜剧, 千面英雄",无,"一般事件, 商店购买",【冒险】区域的出现概率大幅提高。携带该奇物进入【冒险】区域后，使得该区域的限制时间提高50%，并在进入区域时额外获得一个宝箱，效果触发2次后该奇物损毁,1.6,2星
理性的溃败,"人间喜剧, 千面英雄",祝福获取,无,获得该奇物时，立即获得3个不同命途的随机1星祝福各1个,1.6,2星
阿阮袋,"人间喜剧, 千面英雄",祝福获取,无,立刻获得3个随机祝福，战斗胜利后选择祝福时选项数量变为1，2次战斗后该奇物损毁,1.6,2星
智识火漆,"人间喜剧, 千面英雄",祝福获取,一般事件,获得该奇物时，随机获得1个「智识」的祝福。并在战斗胜利后选择祝福时，提高「智识」的祝福出现的概率,1.6,1星
「有机心脏」,人间喜剧,重投 /  可损毁,特定事件,"在过量转化中，额外获得5,000点挑战分数，我方全体受到的伤害提高15%",1.6,1星
「神秘」磁力,人间喜剧,可损毁,特定事件,每次进入区域时，获得50宇宙碎片。战斗胜利后，失去50宇宙碎片,1.6,1星
和平的代价,"人间喜剧, 千面英雄",宇宙碎片,无,进入【商店】区域时，获得150宇宙碎片,1.6,1星
「无效念头」代码机,"人间喜剧, 千面英雄",能量恢复,无,进入战斗时，角色失去等同于能量上限的能量,1.6,负面奇物
「中等念头」群体机,"人间喜剧, 千面英雄",宇宙碎片,无,商品价格提高25%,1.6,负面奇物
「极佳念头」彩虹机,"人间喜剧, 千面英雄",无,无,携带该奇物进入【冒险】区域后，使得该区域的限制时间降低30%,1.6,负面奇物
「奇思狂想」机器团,"人间喜剧, 千面英雄",无,无,角色施放秘技时，额外消耗1秘技点,1.6,负面奇物
家族缘结,"人间喜剧, 千面英雄",造成伤害 /  损毁奇物,"一般事件, 商店购买",立即获得2个可损毁奇物。每当奇物损毁时，立即获得1个可损毁奇物。每拥有1个已损毁的奇物，我方全体造成的伤害提高30%,1.3,3星
龋齿星系模型,"人间喜剧, 千面英雄",宇宙碎片 /  暴击伤害 /  微妙的奇物,"一般事件, 商店购买",立即失去30%宇宙碎片。每通过任意方式失去100宇宙碎片，进入战斗时我方全体暴击伤害提高15%,1.3,3星
分裂银币,"人间喜剧, 千面英雄",宇宙碎片,"一般事件, 商店购买",立即获得等同于当前持有的宇宙碎片50%的宇宙碎片,1.3,2星
三角滚奏器,千面英雄,祝福获取 /  祝福强化,开局获取,获得该奇物时，覆写最多2个随机方程，然后获得4个方程所需的祝福,1.3,2星
天才俱乐部普通八卦,"人间喜剧, 千面英雄",宇宙碎片 /  祝福获取 /  微妙的奇物,"一般事件, 商店购买, 开局获取",获得该奇物后，获得宇宙碎片时额外获得50%，但战斗结束无法再获取祝福,1.3,2星
愚者面具,"人间喜剧, 千面英雄",祝福获取 /  微妙的奇物,"一般事件, 商店购买",将所有祝福替换为随机祝福，强化情况会被保留，且有概率替换为更高稀有度的祝福,1.3,2星
邪恶机械卫星#900,"人间喜剧, 千面英雄",宇宙碎片,"开局获取, 商店购买",商品价格降低30%,1.3,2星
纯美骑士精神,"人间喜剧, 千面英雄",重投 /  方程获取,"开局获取, 商店购买",获得该奇物后，获得1个随机方程,1.3,2星
虚构机兵,"人间喜剧, 千面英雄",生命回复,"开局获取, 商店购买",角色回合开始时，回复等同于其生命上限20%的生命值,1.3,2星
人造陨石球,"人间喜剧, 千面英雄",祝福获取,"开局获取, 商店购买",获得该奇物时，立即获得1-3个拥有祝福数量最多的命途的祝福,1.3,2星
一撮胡须火药,"人间喜剧, 千面英雄",重投 /  奇物获取,"开局获取, 商店购买",获得该奇物后，获得1个加权奇物,1.3,2星
鲁珀特帝国机械齿轮,"人间喜剧, 千面英雄",宇宙碎片 /  可损毁 /  微妙的奇物,"开局获取, 商店购买",每次进入区域时，获得50宇宙碎片，如果此时宇宙碎片超过750，该奇物损毁，并失去所有宇宙碎片。获得该奇物时，若同时携带全部鲁珀特帝国机械系列奇物，将引发反有机方程的局域共鸣,1.3,1星
繁育火漆,"人间喜剧, 千面英雄",祝福获取,特定事件,获得该奇物时，随机获得1个「繁育」的祝福。并在战斗胜利后选择祝福时，提高「繁育」的祝福出现的概率,1.3,1星
星际大乐透,"人间喜剧, 千面英雄",祝福获取 /  可损毁 /  可破坏物,"开局获取, 商店购买",击碎可破坏物后有小概率获得1个随机祝福，但也有小概率使该奇物损毁并使我方全体损失全部能量与秘技点,1.3,1星
血锦之纪徽章,千面英雄,祝福获取 /  可损毁,"一般事件, 商店购买",进入【事件】区域后，出现3个事件，触发1次后该奇物损毁。损毁后，【事件】区域不再出现事件,1.3,1星
黑洞之阱,人间喜剧,宇宙碎片,"开局获取, 商店购买",战斗胜利时，每有1个我方角色当前生命值等于其生命上限，获得15宇宙碎片,1.3,1星
混沌特效灵药,人间喜剧,造成伤害,"开局获取, 商店购买",角色造成的秘技伤害提高200%，且秘技伤害的伤害值提高，提高数值等同于角色生命上限的200%,1.3,1星
塔拉毒火焰,"人间喜剧, 千面英雄",速度 /  生命值,特定事件,进入战斗时，使当前攻击力最高的我方目标，每回合开始时消耗等同于生命上限24%的生命值。同时使其速度提高5%，速度提高的效果最多叠加5次,1.3,1星
粉红冲撞,"人间喜剧, 千面英雄",击破特攻,特定事件,每拥有1种不同命途的祝福，所有角色击破特攻提高20%,1.3,1星
分裂咕咕钟,"人间喜剧, 千面英雄",攻击力,"开局获取, 特定事件",角色攻击力降低5%，战斗胜利后有概率分裂出1个复制体，复制体最多同时存在3个,1.3,负面奇物
精确优雅的代码,千面英雄,速度 /  防御力 /  攻击力 /  生命值 /  造成伤害,特定事件,进入战斗时，我方目标防御力、攻击力、生命上限提高35%，攻击后对随机攻击目标造成350%攻击力的附加伤害，对4星我方目标效果额外提高原数值的200%,1.0,3星
纯美之袍,"人间喜剧, 千面英雄",宇宙碎片 /  造成伤害,无,进入战斗时，每拥有100宇宙碎片，我方全体造成的伤害提高20%。进入【战斗】、【遭遇】或【首领】区域时，获得等同于当前持有宇宙碎片10%的宇宙碎片,1.0,3星
湮灭烛剪,"人间喜剧, 千面英雄",可破坏物 /  造成伤害,无,每击碎1个可破坏物，进入战斗时，我方全体造成的伤害提高5%，每开启一个战利品，我方全体生命上限提高8%,1.0,3星
存护火漆,人间喜剧,祝福获取,一般事件,获得该奇物时，随机获得1个「存护」的祝福。并在战斗胜利后选择祝福时，提高「存护」的祝福出现的概率,1.0,2星
丰饶火漆,人间喜剧,祝福获取,一般事件,获得该奇物时，随机获得1个「丰饶」的祝福。并在战斗胜利后选择祝福时，提高「丰饶」的祝福出现的概率,1.0,2星
降维骰子,"人间喜剧, 千面英雄",祝福获取 /  可损毁,无,战斗胜利后选择祝福时可以额外选择1次祝福，但可选择的祝福选项会减少1个。累计2次战斗后，该奇物损毁,1.0,2星
闪耀的偏方三八面骰,"人间喜剧, 千面英雄",奇物获取,无,获得该奇物后将当前持有的包含该奇物在内的所有奇物替换为随机奇物,1.0,2星
福灵胶,"人间喜剧, 千面英雄",祝福获取 /  可损毁,无,战斗胜利后选择祝福时，出现的祝福必定是3星的祝福。获得1次战斗胜利后，该奇物损毁,1.0,2星
信仰债券,"人间喜剧, 千面英雄",宇宙碎片,无,覆写祝福、覆写方程以及复活陷入无法战斗状态的角色所需的宇宙碎片数量降低30%,1.0,2星
分裂金币,"人间喜剧, 千面英雄",宇宙碎片,无,每进入下一区域，获得等同于当前持有的宇宙碎片5%的宇宙碎片。进入【财富】区域时，将宝箱替换为更好的宝箱,1.0,2星
空无烛剪,"人间喜剧, 千面英雄",损毁奇物,无,获得该奇物后将随机修复最多2个已损毁的1-3星奇物，使其效果的剩余次数恢复至初始状态,1.0,2星
时空棱镜,"人间喜剧, 千面英雄",星魂,无,进入战斗时，所有角色星魂同调等级提高1级,1.0,2星
有点蹊跷的代码,千面英雄,生命回复,特定事件,进入战斗时，我方目标攻击力提高20%，对4星我方目标效果额外提高原数值的100%。获得该奇物时，若同时携带全部错误代码，将令代码实现精确优雅的自我迭代,1.0,1星
没有注释的代码,千面英雄,造成伤害,特定事件,进入战斗时，我方目标防御力提高20%，对4星我方目标效果额外提高原数值的100%。获得该奇物时，若同时携带全部错误代码，将令代码实现精确优雅的自我迭代,1.0,1星
无限递归的代码,千面英雄,战技点,特定事件,进入战斗时，我方目标生命上限提高20%，对4星我方目标效果额外提高原数值的100%。获得该奇物时，若同时携带全部错误代码，将令代码实现精确优雅的自我迭代,1.0,1星
朋克洛德精神,"人间喜剧, 千面英雄",弱点,无,进入战斗时，有100%固定概率为敌方全体添加1个场上我方目标持有属性的弱点，持续10回合,1.0,1星
欢愉火漆,"人间喜剧, 千面英雄",祝福获取,一般事件,获得该奇物时，随机获得1个「欢愉」的祝福。并在战斗胜利后选择祝福时，提高「欢愉」的祝福出现的概率,1.0,1星
巡猎火漆,"人间喜剧, 千面英雄",祝福获取,一般事件,获得该奇物时，随机获得1个「巡猎」的祝福。并在战斗胜利后选择祝福时，提高「巡猎」的祝福出现的概率,1.0,1星
毁灭火漆,"人间喜剧, 千面英雄",祝福获取,一般事件,获得该奇物时，随机获得1个「毁灭」的祝福。并在战斗胜利后选择祝福时，提高「毁灭」的祝福出现的概率,1.0,1星
记忆火漆,"人间喜剧, 千面英雄",祝福获取,一般事件,获得该奇物时，随机获得1个「记忆」的祝福。并在战斗胜利后选择祝福时，提高「记忆」的祝福出现的概率,1.0,1星
虚无火漆,"人间喜剧, 千面英雄",祝福获取,一般事件,获得该奇物时，随机获得1个「虚无」的祝福。并在战斗胜利后选择祝福时，提高「虚无」的祝福出现的概率,1.0,1星
银河大乐透,"人间喜剧, 千面英雄",奇物获取 /  可损毁 /  可破坏物,无,击碎可破坏物后有小概率获得1件奇物，但也有小概率使该奇物损毁并使我方全体损失99%当前生命值,1.0,1星
万象无常骰,"人间喜剧, 千面英雄",祝福强化,无,获得该奇物后立即随机强化2个祝福,1.0,1星
跃迁复眼,"人间喜剧, 千面英雄",祝福强化,无,战斗胜利后选择祝福时，强化所有出现的品质为1星的祝福,1.0,1星
异木果实,"人间喜剧, 千面英雄",复活 /  可损毁 /  微妙的奇物,无,我方全体效果抵抗提高30%，生命上限降低20%。战斗胜利3次后该奇物升级为「腐化异木果实」,1.0,1星
测不准匣,"人间喜剧, 千面英雄",祝福获取,无,获得该奇物后立即获得1-2个随机祝福，展开2个方程后，该奇物升级为「猜不透匣」,1.0,1星
香涎干酪,"人间喜剧, 千面英雄",生命回复,无,战斗胜利后，我方全体回复等同于各自生命上限100%的生命值，效果触发3次后该奇物升级为「海绵王」,1.0,1星
永不停嘴的羊皮卷,"人间喜剧, 千面英雄",直接伤害,无,进入战斗时，敌方全体受到等同于各自生命上限30%的固定数值的伤害,1.0,1星
博士之袍,"人间喜剧, 千面英雄",回响充能 /  造成伤害 /  能量恢复,无,进入战斗时，若拥有已展开的3星方程，使所有角色激活终结技，并使造成的伤害提高25%,1.0,1星
俱乐部券,"人间喜剧, 千面英雄",宇宙碎片,无,战斗胜利后获得宇宙碎片的数量提高40%,1.0,1星
天外重声大碟,"人间喜剧, 千面英雄",伤害减免 /  效果减免,无,进入战斗时，所有我方目标可抵抗除持续伤害外的所有伤害，受到攻击后解除，并在3回合内不会陷入负面效果,1.0,1星
碎星芳饵,"人间喜剧, 千面英雄",速度 /  移速,无,场景中角色移动速度提高40%。角色速度提高10%,1.0,1星
虫网,"人间喜剧, 千面英雄",攻击力 /  生命值,特定事件,进入战斗时，使当前攻击力最高的我方目标陷入【寄生】状态。【寄生】状态下，我方目标的攻击力提高50%，但在回合开始时会消耗等同于当前生命值20%的生命值。当陷入无法战斗状态后，该状态将转移给随机其他我方目标,1.0,1星
天使型谢债发行机,"人间喜剧, 千面英雄",宇宙碎片 /  可损毁,特定事件,战斗胜利后，无法获得宇宙碎片。效果触发5次后该奇物损毁并使当前拥有的宇宙碎片数量翻倍,1.0,1星
换境桂冠,"人间喜剧, 千面英雄",复活 /  可损毁,无,若在与非最终区域中的敌人的战斗中失败，不会导致本次探索中断，而会视为本次战斗胜利并使所有角色的当前生命值回复至各自的生命上限。效果触发1次后该奇物损毁,1.0,1星
万识囊,"人间喜剧, 千面英雄",可破坏物 /  宇宙碎片,无,可破坏物会更频繁地出现，且被击碎后获得的收益翻倍,1.0,1星
信标着色剂,"人间喜剧, 千面英雄",祝福强化,无,战斗胜利后，选择祝福时，随机强化其中1个祝福,1.0,1星
机械咕咕钟,"人间喜剧, 千面英雄",战技点,"开局获取, 特定事件",进入战斗时，消耗2个战技点,1.0,负面奇物
卜筮咕咕钟,"人间喜剧, 千面英雄",祝福获取,"开局获取, 特定事件",战斗胜利后，选择祝福时，可选择的祝福选项会减少1个,1.0,负面奇物
黑森林咕咕钟,"人间喜剧, 千面英雄",受击概率,"开局获取, 特定事件",进入战斗时，随机使1名我方目标被敌方目标攻击的概率大幅提高，持续5回合,1.0,负面奇物
永动咕咕钟,"人间喜剧, 千面英雄",宇宙碎片,"开局获取, 特定事件",每进入下一区域，损失4%当前持有的宇宙碎片,1.0,负面奇物
公司咕咕钟,"人间喜剧, 千面英雄",宇宙碎片,"开局获取, 特定事件",覆写祝福、覆写方程所需的宇宙碎片数量提高25%,1.0,负面奇物
